{
	"pattrstorage" : 	{
		"name" : "nodes",
		"slots" : 		{
			"1" : 			{
				"id" : 1,
				"data" : 				{
					"cdur" : [ 4.600150000000001 ],
					"freq0" : [ 89.000150000000005 ],
					"freq1" : [ 1520.000150000000303 ],
					"live.gain~" : [ -19.4447001194373 ],
					"mdur" : [ 8.420150000000001 ],
					"multislider" : [ 18.053915023803711, 15.828106880187988, 12.613053321838379, 10.63455867767334, 9.64531135559082, 2.225956439971924, 1.978644609451294, 1.978644609451294, 1.978644609451294, 0.989397346973419, 0.0, 0.0, 4.946386814117432, 11.376493453979492, 13.10767650604248, 15.33348274230957 ],
					"shape" : [ 0.16015 ],
					"spread" : [ 0.99615 ]
				}

			}
,
			"2" : 			{
				"id" : 2,
				"data" : 				{
					"cdur" : [ 9.010099462962152 ],
					"freq0" : [ 0.730099956488609 ],
					"freq1" : [ 32175.998182160947181 ],
					"live.gain~" : [ -19.444648960451797 ],
					"mdur" : [ 1.450099913573265 ],
					"multislider" : [ 4.451712608337402, 9.397948265075684, 12.613002777099609, 15.828056335449219, 17.559238433837891, 17.559238433837891, 16.569992065429688, 16.32267951965332, 15.580744743347168, 15.333432197570801, 14.09687328338623, 11.129131317138672, 5.935583591461182, 2.967841863632202, 2.473218202590942, 1.731282711029053 ],
					"shape" : [ 0.220099986886978 ],
					"spread" : [ 0.90009994635582 ]
				}

			}
,
			"3" : 			{
				"id" : 3,
				"data" : 				{
					"cdur" : [ 14.9001 ],
					"freq0" : [ 19.000150000000005 ],
					"freq1" : [ 13050.000100000001112 ],
					"live.gain~" : [ -19.444850119437305 ],
					"mdur" : [ 29.000150000000005 ],
					"multislider" : [ 20.279619216918945, 10.38714599609375, 1.483920931816101, 21.021554946899414, 21.268867492675781, 3.2151038646698, 21.763490676879883, 2.22585654258728, 21.021554946899414, 1.731232762336731, 20.032308578491211, 3.957039356231689, 3.70972752571106, 19.784996032714844, 3.70972752571106, 20.774242401123047 ],
					"shape" : [ 0.50015 ],
					"spread" : [ 0.15015 ]
				}

			}

		}

	}

}
